Place,Name,Latitude,Longitude,Junior
Aberbeeg,Ebbw Valley Cycle Track,-3.14428600,51.71116500,0
Aberdare,Aberdare Park,-3.46008900,51.71879600,0
Aberdeen,Aberdeen Beach Esplanade,-2.08625600,57.17389800,0
Aberystwyth,Plascrug Park,-4.08040100,52.41454600,0
Abingdon,"Rye Meadow, Abingdon",-1.27742900,51.66795700,0
Agnew,Agnew Park,-5.03490000,54.90818800,0
Albert,"Albert Park, Middlesbrough",-1.23178800,54.56497200,0
Aldenham,Aldenham Country Park,-0.31650700,51.64795300,0
Alderford Lake,Alderford Lake,-2.67543600,52.95318100,0
"Alexandra, Moss Side",Alexandra Park,-2.24882700,53.45014200,0
Alice Holt,Alice Holt Forest,-0.83814000,51.16860700,0
Ally Pally,"Alexandra Palace, Haringey",-0.12233000,51.59593600,0
Alness,Crawl Park,-4.25666900,57.69430600,0
Alvaston,Alvaston Park,-1.44017300,52.90617300,0
Andover,"Charlton Lakeside, Andover",-1.51276600,51.22109200,0
Antrim,Loughshore Park,-6.23881800,54.71707800,0
Armagh,Palace Demesne Public Park,-6.65295100,54.33981200,0
Armley,Armley Park,-1.59089300,53.80034700,0
Arrow Valley,Arrow Valley Country Park,-1.91033300,52.30784800,0
Ashford,Victoria Park,0.86421800,51.14347000,0
Ashton Court,"Ashton Court, Bristol",-2.63994800,51.44359200,0
Aviemore,Aviemore,-3.81863500,57.20527500,0
Aylesbury,Opposite the Quarrendeon & Meadowcroft C,-0.83839400,51.83162000,0
Ayr,Rozelle Park,-4.62431600,55.43618900,0
Babbs Mill,Babbs Mill Local Nature Reserve,-1.74603400,52.48983300,0
Bakewell,Hassop Station,-1.67528600,53.23078800,0
Banbury,Spiceball park,-1.33231800,52.06880700,0
Bangor,Ward Park,-5.66169300,54.66002400,0
Banstead Woods,"Banstead Woods, Coulsdon",-0.18422500,51.30764800,0
Barclay,Barclay Park,-0.01944200,51.75905600,0
Barking,Barking Park,0.08731200,51.54589400,0
Barnsley,"Locke Park, Barnsley",-1.48611500,53.54436900,0
Barnstaple,Rock Park,-4.05361200,51.07256100,0
Barrow,"Barrow Park, Barrow-in-Furness",-3.21885500,54.11770600,0
Barry Island,Barry Island Promenade,-3.27137100,51.39020200,0
Basildon,Northlands Park,0.49961500,51.57777800,0
Basingstoke,Basingstoke War Memorial Park,-1.08203500,51.25883100,0
Bath Skyline,Bath,-2.33842500,51.36471700,0
Beckenham Place,Beckenham Place Park,-0.00604200,51.41795200,0
Beckton,Beckton District Park South,0.04654200,51.51176000,0
Bedfont Lakes,Bedfont Lakes Country Park,-0.45152300,51.44076200,0
Bedford,"Bedford Park, Bedford",-0.45936600,52.14812500,0
Bedgebury Pinetum,Bedgebury National Pinetum & Forest,0.45016800,51.07187100,0
Bedworth,Miners Welfare Park,-1.47027000,52.47605400,0
Beeston,Weirfields Recreation Ground,-1.20173700,52.91359200,0
Belfast Victoria,"Victoria Park, Belfast",-5.88157300,54.60878500,0
Belton House,Belton House,-0.62002100,52.94274300,0
Bestwood Village,Bestwood Country Park,-1.17118800,53.02213200,0
Bethlem Royal Hospital,Bethlem Royal Hospital,-0.02996900,51.38533200,0
Bevendean Down,Bevendean Down,-0.10702700,50.84470900,0
Beverley Westwood,Beverley Westwood,-0.44067500,53.84025500,0
Bexley,"Danson Park, Bexley",0.11325400,51.45513200,0
Bicester,Langford Village,-1.14686600,51.89110100,0
Bideford,Victoria Park,-4.20431600,51.02407500,0
Billericay,Lake Meadows Park,0.41744600,51.63296600,0
Birkenhead,Birkenhead Park,-3.05165800,53.39480700,0
Black Park,"Black Park Country Park, Slough",-0.54760000,51.54032900,0
Blackhill,Blackhill and Consett Heritage Park,-1.84236600,54.85831500,0
Blackpool,Stanley Park,-3.02311400,53.81172700,0
Blandford,Jubilee Way,-2.16627000,50.86312200,0
Blickling,Blickling Park,1.22167100,52.81365300,0
Blyth Links,Blyth Links,-1.49945600,55.10692200,0
Bognor Regis,Hotham Park,-0.66830500,50.78691300,0
Bolton,"Leverhulme Park, Bolton",-2.39561500,53.57471500,0
Boston,Witham Way Country Park,-0.03855600,52.99015600,0
Bournemouth,Kings Park Athletic Stadium,-1.83273200,50.73362000,0
Bracknell,Great Hollands Recreation Ground,-0.77684400,51.39024800,0
Bradford,"Lister Park, Bradford",-1.77510200,53.81457500,0
Bramhall Park,"Bramhall Park, near Stockport",-2.16070200,53.37426800,0
Bramley,Bramley Park,-1.63346100,53.81343200,0
Brandon Country Park,Brandon Country Park,0.62587700,52.43633900,0
Braunstone,"Braunstone, Leicester",-1.17868100,52.62612900,0
Brentwood,Weald Country Park,0.26687900,51.62258200,0
Bressay,Bressay,-1.11968300,60.15808100,0
Brierley Forest,Mineralwell Park,-1.29521400,53.13115500,0
Brighouse,Wellholme Park,-1.77815600,53.70608600,0
Brighton & Hove,"Hove Park, Brighton",-0.17249800,50.84214000,0
Brixworth Country,Brixworth Country Park,-0.89567500,52.31857600,0
Brockenhurst,Brockenhurst College,-1.56805200,50.82180400,0
Brockwell,"Brockwell Park, Herne Hill",-0.10546400,51.45253800,0
Bromley,"Norman Park, Bromley",0.02287400,51.38653900,0
Brooklands,Brooklands Community Park,-0.47140800,51.34696900,0
Brueton,"Brueton Park, Solihull",-1.76459300,52.40675400,0
Brundall,Countryside Park,1.41736900,52.62413300,0
Bryn Bach,"Parc Bryn Bach, Tredegar",-3.26954800,51.78162100,0
Brynaman,Brynamman Rugby Club,-3.87149800,51.80688200,0
Buckingham,Bridge Street Skate Park,-0.98446200,51.99898700,0
Burgess,Burgess Park,-0.08102400,51.48453600,0
Burnage,"Varley Park, Stockport SK4 3EA",-2.20918500,53.40715200,0
Burnham and Highbridge,Apex Park,-2.99024300,51.22667900,0
Burnham-on-Crouch,Riverside Country Park,0.81092300,51.62740900,0
Burnley,"Towneley Park, Burnley",-2.22155500,53.77834000,0
Bury St Edmunds,Nowton Park,0.73018300,52.22488700,0
Bushy Park,"Bushy Park, Teddington",-0.33579100,51.41099200,0
California Country,California Country Park,-0.86764700,51.37958300,0
Cambridge,"Milton Country Park, Cambridge",0.16190600,52.23667500,0
Camperdown,Camperdown Country Park,-3.03089600,56.48368100,0
Cannock Chase,Cannock Chase,-1.99542000,52.73744000,0
Cannon Hill,"Cannon Hill, Birmingham",-1.89997000,52.45263700,0
Canons Park,Canons Park,-0.29618400,51.61229100,0
Canterbury,The Pavillion,1.05700200,51.29946800,0
Cape Pembroke Lighthouse,Cape Pembroke Lighthouse,-57.75771600,-51.68321100,0
Cardiff,Cardiff Blackweir,-3.20710700,51.49736000,0
Carlisle,Chances Park,-2.96345500,54.88602500,0
Carrickfergus,Amphitheatre Wellness Centre,-5.80528500,54.71999200,0
Cassiobury,Cassiobury Park,-0.40633500,51.65767700,0
Castle Howard,Castle Howard,-0.91092500,54.12030300,0
Castle Park,Castle Park,0.16416500,51.87167000,0
Castlewellan,Castlewellan Forest Park,-5.95386000,54.26214700,0
Catford,Mountsfield Park,-0.00863000,51.44824000,0
Catterick,Catterick Racecourse,-1.64650300,54.38553400,0
Catton,Catton Park,1.29550700,52.65669600,0
Centre Vale,Centre Vale Park,-2.10243800,53.71827200,0
Chadderton Hall,Chadderton Hall Park,-2.15855200,53.55406600,0
Chasewater,Chasewater Country Park,-1.94440700,52.66198700,0
Cheadle Hulme,Grove Park Sports Club,-2.21065200,53.37902600,0
Chelmsford Central,Chelmsford Central,0.46494500,51.73257700,0
Cheltenham,Pittville Park,-2.07824000,51.91175400,0
Chester,Countess of Chester Country Park,-2.90236800,53.20779600,0
Chichester,Oaklands Park,-0.77753500,50.84618200,0
Chippenham,Monkton Park,-2.11311900,51.46046900,0
Chipping Norton School,Chipping Norton School,-1.54029000,51.93812000,0
Chipping Sodbury,The Ridings,-2.39716500,51.54436600,0
Churchfields Farm,Churchfields Farm,-2.18395800,52.25205500,0
Cirencester,Royal Agricultural University,-1.99109000,51.71120700,0
Citypark,"Citypark Park, Craigavon",-6.38600200,54.45109300,0
Clacton Seafront,Clacton Seafront,1.14297400,51.78157400,0
Clair,Clair Park,-0.10014300,51.00432200,0
Clapham Common,Clapham Common,-0.15133100,51.45587300,0
Clare Castle,Clare Castle Country Park,0.58188200,52.07642800,0
Cleethorpes,Cleethorpes Country Park,-0.02538400,53.54155200,0
Clevedon Salthouse Fields,Clevedon Salthouse Park,-2.86650500,51.43457300,0
Cliffe Castle,Cliffe Castle Park,-1.91336400,53.87465800,0
Clifton,Clifton Playing Fields,-1.16303300,52.90714400,0
Clitheroe Castle,Clitheroe Castle Gardens,-2.39478000,53.87034600,0
Clumber Park,Clumber Park,-1.06571700,53.26802200,0
Colby,Colby Woodland Garden,-4.66992400,51.74064000,0
Colchester Castle,Castle Park,0.90272400,51.89167000,0
Coldham's Common,Coldham's Common,0.15888100,52.20670500,0
Colin Glen,Colin Glen Forest Park,-6.02050400,54.57072300,0
Colney Lane,UEA Colney Lane Playing Fields,1.22519000,52.62131700,0
Colwick,"Colwick Country Park, Nottingham",-1.09786000,52.94517100,0
Comber,Parkway,-5.74041500,54.54959300,0
Concord,"Concord Park, Sheffield",-1.44161200,53.42400700,0
Congleton,Astbury Mere,-2.22979500,53.16078100,0
Conkers,Conkers Park,-1.54302100,52.73947500,0
Conwy,"RSPB Nature Reserve, Conwy",-3.80896600,53.27938800,0
Conyngham Hall,Conyngham Hall,-1.47950700,54.01175800,0
Corby,West Glebe Recreation Ground,-0.69177400,52.49387900,0
Cosmeston Lakes,Cosmeston Lakes Country Park,-3.18561500,51.41804700,0
Cotsford Fields,Cotsford Fields,-1.30077000,54.75949900,0
Coventry,"War Memorial Park, Coventry",-1.52402600,52.39172000,0
Crane Park,"Crane Park, Twickenham",-0.37207500,51.44116800,0
Cranleigh,Bruce McKenzie Memorial Field,-0.49151000,51.13819000,0
Crathes Castle,Crathes Castle,-2.44095400,57.06117800,0
Crewe,Queens Park,-2.47055600,53.09738800,0
Crichton,The Crichton,-3.59458900,55.05077300,0
Crosby,Crosby Leisure Centre,-3.04671100,53.48269000,0
Cross Flatts,Cross Flatts Park,-1.55757000,53.77575400,0
Croxteth Hall,Croxteth Hall Country Park,-2.89177400,53.44217000,0
Crystal Palace,Crystal Palace Park,-0.06570300,51.41984600,0
Cuerden Valley,Cuerden Valley Park,-2.65944200,53.70861400,0
Cusworth Hall,Cusworth Hall Museum & Park,-1.17761700,53.52947900,0
Cwmbran,Northfields Recreation Ground,-3.01349800,51.65623400,0
Cyclopark,Cyclopark,0.35256100,51.41992200,0
Dalby Forest,Dalby Forest Courtyard,-0.68659900,54.27382100,0
Darlington South Park,South Park,-1.56053100,54.51484000,0
Dartford Heath,Heath Lane,0.18992900,51.43593200,0
Dartford,Central Park,0.22016600,51.43914100,0
Daventry,Daventry Country Park,-1.15732000,52.26237400,0
Dean Castle Country Park,Dean Castle Country Park,-4.48293200,55.62290100,0
Delamere,Delamere Forest,-2.68796000,53.23953700,0
Derry City,Derry City Centre,-7.31893300,55.00696600,0
Dewsbury,"Crow Nest Park, Dewsbury",-1.64627500,53.68821800,0
Didcot,Ladygrove Park,-1.23900000,51.61279200,0
Dinton Pastures,Dinton Pastures Country Park,-0.88005600,51.44029200,0
"Dishley, Loughborough",Loughborough Rugby Club,-1.23478500,52.78748500,0
Dolgellau,The Marian,-3.88652700,52.74457400,0
Doncaster,Sandall Park,-1.08909500,53.54532000,0
Drumchapel,Garscadden Woods East,-4.35067400,55.91688000,0
Drumpellier Country,Drumpellier Country Park,-4.06561500,55.87158800,0
Druridge Bay,Druridge Bay Country Park,-1.57234800,55.29276500,0
Dudley,The Dell Stadium,-2.13456800,52.49002700,0
Dulwich,"Dulwich Park, Dulwich",-0.07920600,51.44386900,0
Dunfermline,Pittencrieff Park,-3.47069400,56.07068400,0
Dungannon Park,Dungannon Park,-6.75535900,54.48943200,0
Dunstable Downs,Dunstable Downs,-0.53779100,51.86543200,0
Durham,"Graham Sports Centre, Durham",-1.55885200,54.76760500,0
East Brighton,East Brighton Park,-0.09937300,50.81869100,0
East Grinstead,East Court,0.00137300,51.12900800,0
East Park,East Park,-2.10197500,52.57904200,0
Eastbourne,"Shinewater Park, Eastbourne",0.29045100,50.80624800,0
Eastleigh,"Fleming Park Old Golf Course, Eastleigh",-1.37403200,50.97143300,0
Eastville,Eastville Park,-2.55430400,51.47545300,0
Ecos,"Ecos Park, Ballymena",-6.25911700,54.86737100,0
Eden Project,Eden Project,-4.74285000,50.35831500,0
Edinburgh,Edinburgh Promenade,-3.29158500,55.97880600,0
Eglinton,Eglinton Country Park,-4.66966200,55.64393500,0
Elgin,Cooper Park,-3.31307200,57.65339300,0
Ellenbrook Fields,University of Hertfordshire Sports Villa,-0.25427700,51.76178700,0
Ellesmere Port,Whitby Park,-2.90254200,53.27252400,0
Ellon,Ellon Academy Community Campus,-2.05696800,57.35926200,0
Enniskillen,Enniskillen,-7.64229300,54.34383400,0
Erddig,Erddig Hall,-3.00683300,53.02713700,0
Evesham,Evesham,-1.95812200,52.09019100,0
Exeter Riverside,Exeter Quay & River Valley Park,-3.52583300,50.71376200,0
Exmouth,Exmouth,-3.41239200,50.61469700,0
Falkirk,"Callendar Park, Falkirk",-3.76671200,55.99543000,0
Falls,"Falls Park, Belfast",-5.97887900,54.58636300,0
Fareham,Cams Hall Estate,-1.16738500,50.84844800,0
Felixstowe,Undercliff Road West,1.34574100,51.95777800,0
Fell Foot,Fell Foot Park,-2.95225900,54.27473600,0
Ferry Meadows,Ferry Meadows Country Park,-0.30813200,52.56556300,0
Finsbury Park,Finsbury Park,-0.10414500,51.56959500,0
Fire Service College,Fire Service College,-1.67548700,51.99068800,0
Flatts Lane,Flatts Lane Woodland Country Park,-1.15174100,54.54387200,0
Fleetwood Promenade,Outer Promenade,-3.01691900,53.92736600,0
Fletcher Moss,Fletcher Moss Park,-2.23551000,53.40999000,0
Folkestone,The Leas,1.17275300,51.07572900,0
Foots Cray Meadows,Foots Cray Meadows,0.13326900,51.43210300,0
Ford,Ford Park,-3.08813500,54.19842700,0
Forest Rec,"Forest Recreation Gound, Nottingham",-1.15976600,52.96535200,0
Forest of Dean,"Coverham Enclosure, Forest of Dean",-2.60521900,51.80870100,0
Fort William,Nevis Range,-4.99916100,56.85148400,0
Fountains Abbey,Fountains Abbey,-1.58198300,54.11019600,0
Frickley Country,Frickley Country Park,-1.29045700,53.58857300,0
Frimley Lodge,Frimley Lodge Park,-0.72485100,51.29862200,0
Fulbourn Hospital,Fulbourn Hospital,0.18609400,52.18413100,0
Fulham Palace,Bishops Park,-0.21849300,51.47246500,0
Gadebridge,Gadebridge Park,-0.47354200,51.75890900,0
Gainsborough,West Lindsey Leisure Centre,-0.77077700,53.40627200,0
Ganavan Sands,Ganavan,-5.46902100,56.43776600,0
Gateshead," Saltwell Park, Gateshead",-1.60209400,54.94473300,0
Gedling,Gedling Country Park,-1.08712400,52.99391900,0
Gibside,Gibside,-1.73124800,54.92040600,0
Girvan Prom,Knockcushan Street,-4.86253800,55.24399400,0
Gladstone,"Gladstone Park, London",-0.22822300,51.55698200,0
Glossop,Manor Park,-1.93950300,53.44701900,0
Gloucester City,Gloucester Park,-2.24312900,51.85870700,0
Gloucester North,Plock Court Playing Fields,-2.23170700,51.87830400,0
Gnoll,Gnoll Estate Country Park,-3.78861600,51.66111400,0
Goole,West Park,-0.89109800,53.71049200,0
Gorleston,Gorleston Cliffs Promenade,1.73069000,52.56780600,0
Grangemoor,Cardiff,-3.19241200,51.45446400,0
Graves,"Graves Park, Sheffield",-1.46465700,53.33890600,0
Great Cornard,Great Cornard Sports Centre,0.75136200,52.02463000,0
Great Denham,Great Denham,-0.50906200,52.12160200,0
Great Dunmow,The Recreation Ground,0.36270000,51.87868100,0
Great Lines,Great Lines Heritage ParkPark,0.54133400,51.38852700,0
Great Notley,Great Notley Country Park,0.51584000,51.86414700,0
Greenock,The Esplanade,-4.76734800,55.95652500,0
Greenwich,"Avery Hill Park, Greenwich",0.07515500,51.44945900,0
Groe,Groe Park,-3.40311300,52.15041800,0
Grovelands,"Grovelands Park, Enfield",-0.11376900,51.63307600,0
Guernsey,Pembroke Bay,-2.53031200,49.50234100,0
Guildford,"Stoke Park, Guildford",-0.56206200,51.24738300,0
Gunnersbury,"Gunnersbury Park, South Acton",-0.29225300,51.49940500,0
Gunpowder,"Gunpowder Park, Waltham Abbey",-0.00083100,51.67603700,0
Hackney Marshes,Hackney Marshes,-0.02536800,51.55368600,0
Hackworth,Hackworth Park,-1.64494500,54.62807100,0
Hadleigh,Hadleigh Country Park,0.59606000,51.54976900,0
Hafan Pwllheli,Plas Heli Cyf,-4.40281100,52.88853800,0
Haigh Woodland,Haigh Country Park,-2.60951900,53.57271400,0
Haldon Forest,Haldon Forest Park,-3.57935900,50.65339200,0
Halifax,Shroggs Park,-1.87387100,53.73174600,0
Hampstead Heath,Hampstead Heath,-0.16818500,51.55859800,0
Hanley,"Hanley Park, Hanley",-2.17516400,53.01250100,0
Hanworth,Hanworth Park,-0.39828700,51.43874000,0
Harcourt Hill,Harcourt Hill Campus,-1.29519100,51.73936900,0
Harlow,Harlow Town Park,0.10362400,51.77766000,0
Harrogate,"The Stray, Harrogate",-1.52143500,53.99242800,0
Harrow Lodge,Harrow Lodge Park,0.20071500,51.55560600,0
Harrow,Harrow Recreation Ground,-0.34273400,51.58178100,0
Hartlepool,Hartlepool,-1.19512800,54.68693700,0
Harwich,Cliff Park,1.28480900,51.93803500,0
Hastings,Hastings,0.53973900,50.85029100,0
Havant,Staunton Country Park,-0.97556500,50.87577100,0
Haverfordwest,Haverfordwest Crickert Club,-4.99283600,51.79716300,0
Haverhill,Puddlebrook Playing Fields,0.42221200,52.07673700,0
Hay Lodge,Hay Lodge Park,-3.19958600,55.65165900,0
Hazelwood,Hazelwood Centre,-0.42104500,51.40578300,0
Hazlehead,Hazlehead Park,-2.17564700,57.14137100,0
Heartlands,"Heartlands,",-5.27150000,50.22417700,0
Heaton Park,"Heaton Park, Manchester",-2.25626300,53.53197500,0
"Henley Wood, Oswestry",Henley Wood,-3.03036800,52.86254200,0
Henley-on-Thames,Henley-on-Thames,-0.91928800,51.53197800,0
Henstridge Airfield,Henstridge Airfield,-2.35299200,50.98527800,0
Hereford,Hereford,-2.72415200,52.06889200,0
Herrington Country,Herrington Country Park,-1.47680900,54.87657300,0
Heslington,York Sport Village,-1.01799000,53.94931900,0
"Higginson, Marlow","Higginson Park,",-0.77957300,51.56626800,0
Highbury Fields,"Highbury Fields, Highbury",-0.10288400,51.54695900,0
Highwoods,Highwoods Country Park,0.91756100,51.90468200,0
Hillsborough,Hillsborough Park,-1.50197300,53.40845700,0
Hilly Fields,Hilly Fields,-0.02501900,51.46014300,0
Hoblingwell,Hoblingwell Wood Recreation Ground,0.09884700,51.40098100,0
Hockley Woods,Hockley Woods,0.64912000,51.59613300,0
Hogmoor Inclosure,Hogmoor Inclosure ,-0.87593400,51.11168100,0
Holkham,Holkham Hall,0.80102200,52.95015900,0
Holy Cross College,Holy Cross College,-7.47740800,54.81571800,0
Homewood,Ottershaw Memorial Fields,-0.53907800,51.36680800,0
Horsham,Horsham,-0.32790800,51.06651000,0
Horton Park,Horton Park,-1.77538000,53.78245500,0
Houghton Hall,Houghton Hall Park,-0.51004600,51.90155000,0
Hove Promenade,Hove Lawns,-0.16659400,50.82339100,0
Huddersfield,"Greenhead Park, Huddersfield",-1.80068500,53.65060800,0
Hull,"East Park, Hull",-0.30070800,53.76464500,0
Humber Bridge,Humber Bridge Country Park,-0.45335200,53.71723000,0
Hunstanton Promenade,Hunstanton North Promenade,0.48652600,52.94168400,0
Huntingdon,Huntingdon,-0.21155100,52.33006100,0
Hyde,Hyde Park,-2.07655400,53.45713000,0
Hyndburn,Wilson Playing Fields,-2.37673400,53.78171100,0
Ifield Mill Pond,Ifield Mill Pond,-0.21886300,51.10750800,0
Inverness,"Bught Park, Inverness",-4.23547400,57.46365400,0
Ipswich,Chantry Park,1.11585000,52.05229300,0
Irchester Country,Irchester Country Park,-0.67364900,52.28507600,0
Isabel Trail,Isabel Trail,-2.12595300,52.80824200,0
Jersey Farm,Jersey Farm Woodland Park,-0.30797800,51.77371800,0
Jersey,Les Quennevais sports centre,-2.20412400,49.19502600,0
Jesmond Dene,Jesmond Dene,-1.59283900,54.99188000,0
Jubilee,Jubilee Park,-1.60460200,54.70107300,0
Kesgrave,Kesgrave,1.25774100,52.05813800,0
Keswick,Keswick Railway Path,-3.12949700,54.60386300,0
Kettering,Wicksteed Park,-0.71065300,52.38422600,0
Kew Woods,Kew Woods,-2.99506400,53.62907300,0
Killerton,"Killerton, Broadclyst",-3.45500700,50.79283500,0
King George V Playing Field,King George V Playing Field,-2.11001800,51.90188300,0
Kingdom,Kingdom,0.16276800,51.16240800,0
Kingsbury Water,Kingsbury Water Park,-1.69871800,52.56198300,0
Kingston,Kingston Riverside,-0.30951600,51.42656700,0
Kingsway,Kingsway Sports Pavillion,-2.27280400,51.82148700,0
Kingâ€™s Lynn,"The Walks, Kingâ€™s Lynn",0.40744600,52.75276200,0
Kirkcaldy,Beveridge Park,-3.16954900,56.10408700,0
Kirkwall,The Peedie Sea,-2.94806900,58.98228200,0
Knowsley,Stadt Moers Park,-2.81165400,53.41111600,0
Lanark Moor,Lanark Racecourse,-3.75028400,55.66631800,0
Lancaster,Williamson Park,-2.78118300,54.04568000,0
Lancing Beach Green,28 Brighton Road,-0.32379200,50.82059100,0
Landâ€™s End,Landâ€™s End,-5.71409600,50.06612700,0
Lanhydrock,Lanhydrock House,-4.69614000,50.44113100,0
Larne,Carnfunnock Country Park,-5.84359500,54.88843000,0
Leamington,"Newbold Comyn, Leamington",-1.50465500,52.28714000,0
Leazes,Leazes Park,-1.62563300,54.97707800,0
Lee-on-the-Solent,Lee-on-the-Solent,-1.20383000,50.80108700,0
Leicester Victoria,Victoria Park,-1.12165900,52.62095400,0
Letchworth,Grange Recreation Ground,-0.22279000,51.99989500,0
Levengrove,"Levengrove Park,",-4.57567000,55.94072100,0
Limavady,Blackburn Park,-6.94477700,55.04712800,0
Lincoln,Boultham Park,-0.56090400,53.20884800,0
Linford Wood,Linford Wood,-0.76016800,52.05864000,0
Lingwood,Lingwood Village Hall,1.49352800,52.61890100,0
Linwood,ON-X Linwood,-4.50507800,55.85403300,0
Littlehampton Prom,Promenade,-0.54193900,50.80228400,0
Littleport,"Littleport Recreation Ground,",0.29934200,52.46304800,0
Livingston,Almondvale Park,-3.51882800,55.88679700,0
Llanelli Coast,King George V Playing Fields,-4.20620400,51.68508000,0
Llanerchaeron,Llanerchaeron,-4.23579800,52.22044300,0
Lloyd,"Lloyd Park, Croydon",-0.07997300,51.36480700,0
Llyn Llech Owain,Llyn Llech Owain,-4.08056300,51.81291300,0
Loch Leven,Loch Levenâ€™s Larder,-3.35808500,56.21943400,0
Loch Neaton,Loch Neaton,0.82740000,52.57755800,0
Lochend Woods,Hallhill Sports Centre,-2.52150100,55.99721400,0
Lochore Meadows,Lochore Meadows Country Park,-3.33708000,56.15069900,0
Long Eaton,West Park Leisure Centre,-1.28585300,52.89515500,0
Longrun Meadow,Longrun Meadow Park,-3.11498900,51.01875500,0
Lowestoft,Cardiff,1.74733800,52.46828600,0
Ludlow,Mortimer Forest,-2.77307800,52.35328400,0
Lullingstone,Lullingstone Country Park,0.18714700,51.35311800,0
Luton Wardown,Wardown Park,-0.42091700,51.88985300,0
Lydiard,"Lydiard Park, Swindon",-1.85362100,51.56148900,0
Lydney,Lydney Boating Lake,-2.52648000,51.72161300,0
Lyme Park,Lyme Park,-2.05840200,53.33719300,0
Lymington Woodside,Woodside Gardens,-1.54548000,50.74774700,0
Lytham Hall,Lytham Hall,-2.97761300,53.74485500,0
MUSA Cookstown,Mid Ulster Sports Arena,-6.73565600,54.61509300,0
Macclesfield,South Park,-2.13030000,53.25141300,0
Maesteg,Welfare Park,-3.66557300,51.60949900,0
Maidenhead,Braywick Park,-0.71213500,51.51095000,0
Maidstone,River Medway,0.50768900,51.29641000,0
Maldon Prom,Maldon Promenade Park,0.68877000,51.72674200,0
Mallards Pike,Mallards Pike,-2.52855500,51.78466600,0
Malling,Leybourne Lakes Country Park,0.43734300,51.31537000,0
"Manor Field, Whittlesey",Manor Field (Manor Leisure Centre),-0.12594100,52.55186900,0
Mansfield,Mansfield,-1.18384400,53.17403400,0
March,Williamson Park,0.08620800,52.55006900,0
Margate,Margate,1.40399700,51.39207000,0
Markeaton,Markeaton,-1.50476900,52.93540800,0
Market Harborough,Welland Park,-0.92497900,52.47448700,0
Market Rasen Racecourse,Market Rasen Racecourse,-0.30901900,53.38050200,0
Marlborough Common,Marlborough Common,-1.73258100,51.42448000,0
Marple,"Brabyns Park, Stockport",-2.05650900,53.40447600,0
Marshall Drive,Marshall Playing Field,-0.94795600,54.57409600,0
Meadowmill,Meadowmill Sports Centre,-2.96624200,55.95424900,0
Medina I.O.W.,"Seaclose Park, Medina, I.O.W.",-1.28699900,50.71182300,0
Melksham,King George V Park,-2.13623500,51.37722600,0
Melton Mowbray,Melton Country park,-0.87906800,52.78000200,0
Mersea Island,Cudmore Grove,0.99368000,51.79164000,0
Merthyr,Merthyr Leisure Village,-3.37565800,51.73896000,0
Middleton Woods,Middleton Park,-1.55723300,53.75189200,0
Mile End,"Mile End Park, London",-0.03394600,51.51816900,0
Milford Waterfront,Milford Waterfront,-5.03150700,51.71076300,0
Millennium Country,Forest of Marston Vale - Millennium Coun,-0.53408200,52.06526500,0
Millfield,Millfield Park & Recreation Area,-1.19086400,54.12515400,0
Millhouses,Millhouses Park,-1.50502700,53.33851600,0
Millom,Millom Network Centre,-3.26996000,54.21399000,0
Milton Keynes,"Willen Lake, Milton Keynes",-0.72298400,52.05011000,0
Minehead,Minehead,-3.46959100,51.20752400,0
Mole Valley,Denbies Wine Estate,-0.33064500,51.24825900,0
Montrose,Roselea Football Club,-2.45522300,56.72629700,0
Moors Valley,Moors Valley Country Park and Forest,-1.84941900,50.85124000,0
Morecambe Prom,Promenade,-2.88510200,54.06508200,0
Mount Edgcumbe,Mount Edgcumbe House and Country Park,-4.17549300,50.35766400,0
Mount Stuart,Mount Stuart,-5.01945300,55.79288800,0
Mountbatten School,Mountbatten School,-1.46968500,50.98214900,0
Mulbarton,"The Common, Mulbarton",1.23671300,52.56162500,0
Myrtle,Myrtle Park,-1.83829500,53.84634400,0
Nant y Pandy,Nant y Pandy Nature Reserve,-4.31323300,53.25764200,0
Netley Abbey,Royal Victoria Country Park,-1.33445300,50.86534500,0
New Earswick,New Earswick Sports Club,-1.07767700,53.99025000,0
Newark,Sconce and Devon Park,-0.81905000,53.07003100,0
Newbiggin-by-the-Sea,Newbiggin Promenade,-1.50538600,55.18521500,0
Newborough Forest,Newborough Forest,-4.38675700,53.14416300,0
Newbury,"Greenham Common, Newbury",-1.29226700,51.37842600,0
Newcastle,"Exhibition Park, Newcastle",-1.61799400,54.98380300,0
Newent,Newent Community School/Forest Leisure C,-2.41005600,51.92651500,0
Newport,"Tredegar House, Newport",-3.03093900,51.55947900,0
Newtown,Dolerw Park Bridge,-3.31901200,52.51465800,0
Nobles,Nobles Park,-4.48184600,54.16582800,0
Nonsuch,"Nonsuch Park, Cheam",-0.23107800,51.35692600,0
Normanby Hall,Normanby Hall Country Park,-0.65992400,53.63840700,0
Northala Fields,Northala Fields Park,-0.37671100,51.54127200,0
Northallerton,Hambleton Leisure Centre,-1.43551900,54.34846600,0
Northampton,Northampton Racecourse,-0.88444500,52.24814300,0
Northwich,Carey Park,-2.51087600,53.26551100,0
Norwich,"Eaton Park, Norwich",1.25568200,52.62042200,0
Nostell,Nostell Priory,-1.38124100,53.65021200,0
Nova Prestatyn,Nova Centre,-3.41418300,53.34212600,0
Oak Hill,"Oak Hill Park, East Barnet",-0.15374400,51.63771800,0
Oaklands,Oaklands Recreation Ground,-1.81801300,52.46639100,0
Oakwell Hall,Oakwell Hall Country Park,-1.67159600,53.73943700,0
Old Deer Park,"Old Deer Park, Richmond",-0.30697300,51.46441700,0
Oldham,"Alexandra Park, Oldham",-2.10411800,53.53418700,0
Omagh,Omagh,-7.29622200,54.60283700,0
Orangefield,Orangefield & Greenville Park,-5.88436100,54.58850900,0
Oriam,"Oriam, Heriot Watt University",-3.31715000,55.90975400,0
Ormeau,Ormeau Park,-5.91478600,54.58837400,0
Ormskirk,Edge Hill University,-2.86809700,53.55924500,0
Orpington,Goddington Park,0.11722400,51.36528300,0
Osterley,Osterley Park,-0.34988900,51.48940300,0
Oxford,"Cutteslowe and Sunnymead Park, Oxford",-1.26241900,51.79090100,0
Panshanger,Panshanger Park,-0.10758900,51.79606600,0
Parke,Parke Estate,-3.68656200,50.59305000,0
Peacehaven,Centenary Park,0.01241800,50.79409200,0
Peckham Rye,Peckham Rye Park,-0.06068800,51.45548600,0
Pegwell Bay,Pegwell Bay,1.36144600,51.32095700,0
Penallta,Penallta House,-3.24567900,51.64488900,0
Pendle,Holt House Playing Fields,-2.18011000,53.86357100,0
Penistone,Penistone Show Ground,-1.63540700,53.52656800,0
Pennington Flash,Pennington Flash,-2.54274500,53.49160800,0
Penrhyn,Penrhyn Castle,-4.09449500,53.22685200,0
Penrith,Frenchfiel Sports Centre,-2.72053200,54.65802600,0
Penrose,Penrose,-5.29595000,50.08357800,0
Perry Hall,Perry Hall Park,-1.91182500,52.52486000,0
Perth,North Inch and Riverside parks,-3.43542200,56.40515000,0
Peter Pan,Peter Pan Park,-0.40218100,53.73833000,0
Phoenix,Phoenix Park,-2.68162300,53.33786500,0
Plean,Plean Country Park,-3.88160700,56.05779100,0
Plymvalley,Plymbridge Woods,-4.07961800,50.40909100,0
Pocket,Pocket Park,-0.27532700,52.21479700,0
Polkemmet Country,Polkemmet Country Park,-3.72025600,55.86621400,0
Pollok,"Pollok Park, Glasgow",-4.30788200,55.82992000,0
Pomphrey Hill,Pomphrey Hill Playing Fields,-2.47805000,51.47932100,0
Pont y Bala,Lower Tryweryn,-3.59319900,52.91239600,0
Pontefract,Pontefract Racecourse,-1.32574100,53.69722600,0
Pontypool,Pontypool Park,-3.02857300,51.69921300,0
Pontypridd,Ynysangharad War Memorial Park,-3.33902800,51.60200900,0
Poole,"Poole Park, Poole",-1.96887600,50.72034800,0
Poolsbrook,Poolsbrook Country Park,-1.34884200,53.25911800,0
Porthcawl,Porthcawl Seafront,-3.70597600,51.47633100,0
Portobello,Figgate Park,-3.12265600,55.95068900,0
Portrush,"East Strand Beach, Portrush",-6.64878800,55.20463800,0
Portsmouth Lakeside,Lakeside North Harbour,-1.08157000,50.84065400,0
Potternewton,Potternewton Park,-1.52627400,53.81844600,0
Preston Park,Preston Park,-0.14861600,50.84155700,0
Preston,Avenham and Miller Parks,-2.70390200,53.75137400,0
Princes,"Princes Park, Liverpool",-2.95697500,53.38645600,0
Prospect,Prospect Park,-1.00741000,51.44838600,0
Prudhoe Riverside,Tyne Riverside Country Park,-1.86314100,54.96807100,0
Pymmes,"Pymmes Park, Edmonton",-0.06695300,51.61887000,0
Queen Elizabeth,Queen Elizabeth Country Park,-0.97838400,50.95637200,0
Queens,"Queen's Uni Sport, Upper Malone",-5.96338700,54.55509200,0
"Queenâ€™s, Glasgow",Queenâ€™s Park,-4.27007600,55.83350900,0
Raphael,Raphael Park,0.19249000,51.58579800,0
Reading,"Thames Riverside, Reading",-0.94157300,51.46038400,0
Redcar,"Locke Park, Redcar",-1.07902000,54.61522500,0
Reigate Priory,Priory Park,-0.20864400,51.23435000,0
Richmond Park,"Richmond Park, Richmond upon Thames",-0.29288600,51.45196200,0
Rickmansworth,Rickmansworth Aquadrome,-0.47589000,51.63308700,0
Riddlesdown,"Riddlesdown, Warlingham",-0.07954900,51.31848500,0
Rising Sun,The Rising Sun Country Park,-1.53202800,55.01998000,0
Riverfront,The Riverfront,-2.99331700,51.58855900,0
Riverside,"Riverside Park, Chester-le-Street",-1.56327700,54.85398300,0
Roding Valley,Roding Valley Recreation Ground,0.06641500,51.63860700,0
Rogiet,Rogiet Countryside Park,-2.77996500,51.58326800,0
Rosliston,Rosliston Forestry Centre,-1.63968100,52.75452600,0
Ross-on-Wye,Ross-on-Wye Sports Centre,-2.59441700,51.91294300,0
Rostrevor,Kilbroney Park,-6.19344800,54.09948600,0
Rother Valley,Rother Valley Country Park,-1.32022600,53.34150800,0
Rotherham,Rotherham,-1.34321800,53.43053800,0
Rothwell,Springhead Park,-1.47345600,53.75003200,0
Roundhay,"Roundhay Park, Leeds",-1.49600700,53.83828000,0
Roundshaw Downs,"Roundshaw Downs, near South Croydon",-0.11872000,51.35225300,0
Royal Tunbridge Wells,Dunorlan Park,0.28485100,51.13361400,0
Ruchill,Ruchill Park,-4.27616200,55.88453800,0
Rugby,Whinfield Recreation Ground,-1.23846400,52.37318000,0
Rushcliffe,Rushcliffe Country Park,-1.14910400,52.88249700,0
Rushmere,Rushmere Country Park,-0.67409500,51.94705700,0
Rushmoor,Queens Avenue,-0.75584700,51.26579800,0
Rutland Water,Rutland Water Reservoir,-0.62444700,52.64371200,0
Salcey Forest,Salcey Forest,-0.84155600,52.15922300,0
Sale Water,Sale Water Park,-2.29454500,53.42958500,0
Salisbury,Churchill Gardens,-1.78985800,51.06152800,0
Sandhurst Memorial,Sandhurst Memorial Park,-0.79169400,51.34382500,0
Sandwell Valley,Sandwell Park Farm,-1.97579000,52.52153100,0
Scunthorpe,Central Park,-0.65647600,53.58175500,0
Seaford Beach,Newhaven and Seaford Sailing Club,0.07956600,50.77898600,0
Seaton,Seaton Esplanade,-3.07206400,50.70334900,0
Sedgefield,"Hardwick Park, Sedgefield",-1.46628900,54.65300800,0
Selby,Selby,-1.07839800,53.75182400,0
Seven Fields,Seven Fields Nature Reserve and Penhill Sports Fie,-1.78171100,51.58661900,0
Severn Bridge,Severn Bridge,-2.66453100,51.61901400,0
Severn Valley Country,Severn Valley Country Park,-2.36484200,52.45331600,0
Sewerby,"Sewerby Hall and Gardens, Bridlington",-0.16076100,54.10326800,0
Sheffield Castle,Manor Fields Park,-1.43682700,53.36678200,0
Sheffield Hallam,"Endcliffe Park, Sheffield",-1.50581400,53.36844600,0
Shepton Mallet,Collett Park,-2.54246100,51.18751300,0
Sheringham,Sheringham Park,1.18060100,52.92877500,0
Sherwood Pines,Sherwood Pines Forest Park,-1.08483900,53.16582800,0
Shipley Country,Shipley Country Park,-1.35997800,53.00833900,0
Shorne Woods,Shorne Woods Country Park,0.41861800,51.40442600,0
Shrewsbury,The Quarry,-2.75921000,52.70694200,0
Silksworth,"Silksworth Sports Centre, Sunderland",-1.40909900,54.88391100,0
Sittingbourne,Milton Creek Country Park,0.74079300,51.35545300,0
Sixfields Upton,Upton Country Park,-0.94223600,52.22852800,0
Sixmilewater,Sixmilewater Park,-5.99894500,54.75000400,0
Sizewell,Beach car park,1.62219300,52.21016700,0
Skegness Boating Lake,Skegness Boating Lake,0.34552700,53.14069700,0
Skipton,Aireville Park,-2.03000400,53.96133100,0
Sloughbottom,"Sloughbottom Park,",1.26699400,52.64725500,0
Snowden Field,Snowden Field,-0.16473100,52.67399500,0
Soham Village College,Soham Village College,0.33806400,52.32973700,0
Somerdale Pavilion,Somerdale Pavilion,-2.49568900,51.42646900,0
South Manchester,Platt Fields Park,-2.22468900,53.44607200,0
South Norwood,South Norwood Country Park,-0.05990800,51.39611100,0
South Oxhey,South Oxhey Playing Fields,-0.39865300,51.63225500,0
South Shields,South Shields,-1.40805200,54.99568700,0
South Woodham Ferrers,Marsh Farm Country Park,0.61301400,51.63164200,0
Southampton,Southampton Common,-1.40776600,50.92362400,0
Southend,Gunners Park,0.78752600,51.52343100,0
Southport,Hesketh Park,-2.98534100,53.65627600,0
Southsea,Southsea Esplanade,-1.08131600,50.77885300,0
Southwark,Southwark Park,-0.05315100,51.49424200,0
Southwick Country Park,Southwick Country Park,-2.23409200,51.30646100,0
Springburn,Springburn Park,-4.22482300,55.88985700,0
Squerryes Winery,Squerryes Winery,0.08667000,51.27598600,0
St Albans,"Verulam Park, St Albans",-0.35537100,51.75193000,0
St Andrews,Craigtoun Country Park,-2.83823400,56.31771100,0
St Helens,Victoria Park,-2.74408800,53.46322000,0
St Mary's,"Bridport FC, St.Mary's Field",-2.76074400,50.72945600,0
Stamford Park,Stamford Park,-2.06616300,53.49090100,0
Stevenage,Six Hills Way,-0.17993000,51.90263400,0
Stewart,"Stewart Park, Middlesbrough",-1.20356100,54.53809000,0
Stonehaven,Mineralwell Park,-2.21250200,56.96999300,0
Stonehouse,Oldends Lane Playing Fields,-2.28780400,51.75255400,0
Stormont,Stormont Estate,-5.83774900,54.59831800,0
Storthes Hall,Storthes Hall Park,-1.72201200,53.60793200,0
Stranmillis College,Stranmillis University College,-5.93882800,54.57270800,0
"Stratford Park, Stroud",Stratford Park,-2.22500700,51.74897000,0
Stratford-upon-Avon,Stratford-upon-Avon,-1.70144500,52.18499800,0
Strathclyde,Strathclyde Country Park,-4.03142500,55.78963100,0
Street,Strode College Sports Centre,-2.72908900,51.12951500,0
Stretford,Longford Park,-2.29028100,53.44612100,0
Sunny Hill,Sunny Hill Park,-0.22971700,51.59819300,0
Sutton Manor,Sutton Manor Colliery,-2.72690100,53.41139200,0
Sutton Park,Sutton Park,-1.86712900,52.55850500,0
Swaffham,The Nicolas Hamond Academy Sports Fields,0.68846100,52.63860700,0
Swansea Bay,Swansea Bay,-3.96984800,51.61046300,0
Tamar Lakes,Upper Tamar Lakes,-4.43341800,50.87983700,0
Tamar Trails,Tamar Trails Centre,-4.20176300,50.53516300,0
Tawd Valley,Tawd Valley Park,-2.77582900,53.55028100,0
Tees Barrage,"Tees Barrage, Middlesbrough",-1.28739600,54.56484600,0
Teignmouth Promenade,Teignmouth Promenade,-3.49498700,50.54442800,0
Telford,Telford Town Park,-2.44793400,52.67123000,0
Temple Newsam,Temple Newsam Estate,-1.45646100,53.78478100,0
Tetbury Goods Shed,Tetbury Goods Shed,-2.15581800,51.63722200,0
Tewkesbury,Tewkesbury,-2.15937300,51.98766600,0
The Leas,The Leas,0.80213000,51.43403800,0
The Old Showfield,The Old Showfield,-2.30823800,51.23618600,0
The Pastures,The Pastures,-1.70539300,55.41845500,0
The Wammy,The Wammy,-2.23870100,53.01781100,0
Thetford,Abbey Meadows,0.74376600,52.41560000,0
Thomas Mills,Thomas Mills High School,1.32598100,52.22837500,0
Thornbury,Mundy Playing Fields,-2.53011400,51.60636800,0
Thurrock,Pyramid Centre,0.36343600,51.49142700,0
Thurso,Thurso Boating Pond,-3.52155400,58.58957300,0
Tilgate,"Tilgate Park, Crawley",-0.17562300,51.09700000,0
Tollcross,Tollcross,-4.17946100,55.84749400,0
Tonbridge,Juddians Rugby Club,0.27017400,51.19760500,0
Tooting Common,Tooting Common,-0.14677000,51.43334200,0
Torbay Velopark,Torbay Velopark,-3.56429700,50.42344100,0
Trelissick,Kilbroney Park,-5.02826000,50.21733100,0
Tremorfa,Tremorfa Park,-3.13272700,51.48623700,0
Tring,Tring Park,-0.65959900,51.78663400,0
Troon,South Beach Esplanade,-4.67005800,55.54141300,0
Tyne Green,Tyne Green,-2.10152600,54.97787800,0
Uckfield,Uckfield Rugby Club,0.11306000,50.97785700,0
University of Stirling,Stranmillis University College,-3.92423600,56.14733400,0
Upton Court,Upton Court Park,-0.57752500,51.49616000,0
Upton House,Upton Country Park,-2.01342800,50.73489100,0
Ury Riverside,Ury Riverside Park,-2.37206200,57.29195300,0
Valentines,"Valentines Park, Redbridge",0.07198000,51.56749000,0
Valley,Valley Leisure Centre,-5.92834200,54.65994900,0
Victoria Dock,Victoria Dock,0.01877500,51.50536300,0
Victoria,Victoria Park,-4.33234700,55.87750400,0
Vogrie,Vogrie Country Park,-2.99501200,55.85687900,0
Wakefield Thornes,Thornes Park,-1.50968200,53.67248800,0
Wallace,Wallace Park,-6.03681600,54.51651100,0
Walmer and Deal Seafront,The Beach,1.40317900,51.20950000,0
Walsall Arboretum,Walsall Arboretum,-1.96625200,52.58725000,0
Walthamstow,Highams Park,-0.00785400,51.60266600,0
Wanstead Flats,"Wanstead Flats, Epping Forest",0.01497700,51.56078000,0
Warrington,Victoria Park,-2.57468500,53.38422100,0
Warwick Racecourse,Warwick Racecourse,-1.59595400,52.28078900,0
Watergrove,Watergrove Reservoir,-2.13177700,53.65703400,0
Watermeadows,Watermeadows,-0.98839100,52.13458000,0
Waterworks,"Waterworks, North Belfast",-5.94261300,54.61929900,0
Wendover Woods,Wendover Woods,-0.71678200,51.76894000,0
Wepre,Wepre Park,-3.05684600,53.20555200,0
Westmill,Westmill Farm,-0.06081300,51.82142200,0
Wetherby,Wetherby Sports Association,-1.39219700,53.92567300,0
Weymouth,Lodmoor County Park,-2.44739800,50.62672800,0
Whinlatter Forest,Whinlatter Forest Park,-3.22446000,54.61001700,0
Whitehaven,"Whitehaven Cycle Track,",-3.57363600,54.52473300,0
Whiteley,Whiteley Meadowside,-1.24792600,50.88563200,0
Whitley Bay,Whitley Bay Links Common,-1.44873600,55.04887500,0
Whitstable,Whitstable Promenade,1.04194200,51.36529500,0
Widnes,Victoria Park,-2.73006900,53.37450800,0
Wilmslow,The Carrs Park,-2.23158800,53.33128800,0
Wimbledon Common,Wimbledon Common,-0.23221500,51.44207800,0
Wimpole Estate,Wimpole Estate,-0.04720700,52.14044200,0
Winchester,North Walls Recreation Ground,-1.31084900,51.06928600,0
Windy Nook,Windy Nook Nature Park,-1.56302500,54.94018900,0
Witney,West Witney Sports & Social Club,-1.51335600,51.78997400,0
Witton,Witton Country Park,-2.51721100,53.74055000,0
Woking,Woking Park,-0.55620400,51.31170800,0
Wolverhampton,West Park,-2.14087500,52.58877500,0
Woodbank,"Woodbank Park, Stockport",-2.13094500,53.40840500,0
Woodhouse Moor,"Woodhouse Moor, Leeds",-1.56005900,53.80858200,0
Woodley,Woodford Park,-0.90366900,51.45418000,0
Woolacombe Dunes,Woolacombe Dunes,-4.20998200,51.15926400,0
Worcester Pitchcroft,"The Pitchcroft, Worcester Racecourse",-2.23196400,52.20151300,0
Worcester,Worcester Woods Country Park,-2.17872600,52.18698900,0
Workington,Workington Leisure Centre,-3.53976700,54.64716900,0
Wormwood Scrubs,Wormwood Scrubs Park,-0.23852300,51.52041200,0
Worsley Woods,"Worsley Woods, Salford",-2.35905600,53.49432800,0
Worthing,Worthing promenade,-0.36450000,50.81031200,0
Wotton,Wotton Community Parc,-2.36911700,51.63344300,0
Wycombe Rye,The Rye,-0.74009000,51.62337000,0
Wyre Forest,Wyre Forest,-2.36979800,52.36500200,0
Wythenshawe,"Wythenshawe Park, Wythenshawe",-2.28813900,53.40550200,0
Yeovil Montacute,Montacute House,-2.71297900,50.95148500,0
York,York Racecourse,-1.10137900,53.93537500,0
Aberystwyth juniors,Plas Crug Park,-4.07840200,52.41288500,1
Acton juniors,Acton Park,-0.25806200,51.50790500,1
Alderman Kneeshaw juniors,Alderman Kneeshaw Recreation Ground,-0.26229100,53.76945400,1
"Alexandra juniors, Moss Side",Alexandra Park,-2.24863100,53.45072500,1
"Alexandra juniors, Oldham",Alexandra Park,-2.10429800,53.53302200,1
Alyn Waters juniors,Alyn Waters Country Park,-3.01803900,53.08392600,1
Andover juniors,Charlton Sports Fields,-1.50481200,51.22090100,1
Ashford juniors,Victoria park,0.86233000,51.14497500,1
Ashlyns juniors,Ashlyns School,-0.56325000,51.75202800,1
Avenham Park juniors,Avenham and Miller Park,-2.69908400,53.75328100,1
Aylesbury juniors,Meadowcroft Open Space,-0.82993500,51.82960100,1
Aylestone juniors,Aylestone Recreation Ground,-1.13424800,52.60973700,1
Bailey juniors,Bailey Park,-3.01679600,51.82662900,1
Bangor juniors,Bangor Sportsplex,-5.70915300,54.65061200,1
Barking and Dagenham juniors,Central Park,0.15677000,51.55997400,1
Barnsley juniors,Locke Park,-1.48617000,53.54438000,1
Barnstaple juniors,Rock Park,-4.05390400,51.07180100,1
Barrow juniors,Barrow Park,-3.21875800,54.11652600,1
Barry juniors,Romilly Park,-3.29137700,51.39348500,1
Barshaw juniors,Barshaw Park,-4.39472500,55.84851000,1
Basingstoke juniors,Stratton Park,-1.12867500,51.25219700,1
Bath Odd Down juniors,Odd Down Sports Ground,-2.37618100,51.36316400,1
Battery Park juniors,Battery Park,-4.80000300,55.96119800,1
Beaumont Park juniors,Beaumont Park,-1.81123700,53.62293400,1
Bedford juniors,Jubilee Park,-0.44978100,52.12429800,1
Beehive juniors,King George V Playing Fields,-0.18967700,51.78892700,1
Belfast Victoria juniors,"Victoria Park, Belfast",-5.87045600,54.60999800,1
Betteshanger juniors,Betteshanger Country Park,1.37111100,51.23600100,1
Billingham juniors,John Whitehead Park,-1.28973500,54.61024700,1
Birches Valley juniors,Birches Valley,-1.96897100,52.75090600,1
Bloxwich juniors,King George V Memorial Playing Fields,-2.00652500,52.62524600,1
Bodington juniors,Bodington Cycle Circuit and Playing Fiel,-1.59027500,53.84153700,1
Bodmin juniors,Hillside Park,-4.73101000,50.47431300,1
Bognor Regis juniors,Arena Sports Centre,-0.69381900,50.79276500,1
Bold Forest juniors,Colliers Moss North,-2.68652000,53.44106100,1
Boston Road Rec juniors,Boston Road Recreation Ground,-0.40055000,52.99706500,1
Bracknell juniors,Great Hollands Recreation Ground,-0.77806700,51.38949300,1
Bramley juniors,Bramley Park,-1.63404600,53.81364000,1
Breckland Leisure Centre juniors,Breckland Leisure Centre Leisure,0.74782900,52.42182600,1
Brentwood juniors,Weald Country Park,0.26597800,51.62385400,1
Bridgend juniors,Newbridge Fields,-3.58329800,51.50299300,1
Brighouse juniors,Wellholme Park,-1.77645900,53.70627000,1
Broadmeadow juniors,Lakeland Forum,-7.64310300,54.34407200,1
Brockwell juniors,Brockwell Park,-0.10650500,51.45260300,1
Bromley juniors,Norman Park,0.02604900,51.38932900,1
Bromsgrove juniors,Sanders Park,-2.07230800,52.33415900,1
Brumby Wood Rec Ground juniors,Brumby Wood Rec Ground,-0.66477800,53.58118600,1
Bryn Bach juniors,Bryn Bach country park,-3.26718400,51.78357100,1
Buckingham juniors,Bourton Park,-0.97538600,51.99723200,1
Burgess juniors,Burgess Park,-0.08266400,51.48320700,1
Burnley juniors,Towneley Park,-2.21903600,53.77738500,1
Burslem Park juniors,Burslem Park,-2.18927200,53.04852700,1
Bury St Edmunds juniors,Bury St Edmunds,0.73469800,52.24445700,1
Bushy juniors,"Bushy Park, Teddington",-0.33263900,51.42050400,1
Cambridge juniors,Milton Country Park,0.16338900,52.23660600,1
Cannon Hill juniors,Cannon Hill Park,-1.90422500,52.44997600,1
Cardiff juniors,Llandaff Fields,-3.20403500,51.48961700,1
Carlisle juniors,Bitts Park,-2.93657500,54.89955500,1
Carmarthen juniors,Carmarthen Park,-4.31598200,51.85416900,1
Central Park juniors,Central Park,-0.23507200,52.58457600,1
Cheddar juniors,Kings Fitness and Leisure,-2.77921000,51.27380800,1
Chelmsford juniors,Central Park,0.46628600,51.73308300,1
Cheltenham juniors,The Park,-2.08886200,51.88649200,1
Cheshunt juniors,Cheshunt Park,-0.04912000,51.71549700,1
Chichester juniors,Priory Park,-0.77661900,50.83969300,1
Chippenham juniors,Monkton Park,-2.11195400,51.46023500,1
Churchill Gardens juniors,Churchill Gardens Leisure Centre,-1.79055900,51.06255900,1
Clacton juniors,Clacton Seafront,1.14295300,51.78158800,1
Cliff Park juniors,Cliff Park,1.28484000,51.93779200,1
Clitheroe Castle juniors,Clitheroe Castle Gardens,-2.39412200,53.87060600,1
Clough Hall juniors,Clough Hall Park,-2.24969900,53.08319400,1
Colchester juniors,Old Heath Recreation Ground,0.91996900,51.87996000,1
Coldham's Common juniors,Coldham's Common,0.15458000,52.20843700,1
Collett Park juniors,Collett Park,-2.54257200,51.18746100,1
Comber juniors,Parkway,-5.73990900,54.54909800,1
Conwy Nature Reserve juniors,Conwy Nature Reserve,-3.80962600,53.27951200,1
Craigswood juniors,Xcite Craigswood,-3.50452400,55.90212600,1
Cranbrook Country Park juniors,Cranbrook Country Park,-3.40813700,50.75135900,1
Cranleigh juniors,Bruce Mckenzie Memorial Field,-0.49274700,51.13839300,1
Cross Flatts juniors,Cross Flatts Park,-1.55824200,53.77661100,1
Crystal Palace juniors,Crystal Palace Park,-0.06577000,51.41979200,1
Dartford juniors,Central Park,0.21906500,51.44107000,1
Daventry juniors,Daventry Sports Park,-1.18851700,52.25500300,1
Derry City juniors,Foyle Arena,-7.30470100,55.00064200,1
Desborough Green Space juniors,Desborough Leisure Centre,-0.81933800,52.44605900,1
Devonport juniors,"Devonport Park,",-4.17210800,50.37647100,1
Dewsbury juniors,Crow Nest Park,-1.64694400,53.68898400,1
Dixton juniors,Monmouth Leisure Centre,-2.70775500,51.81586400,1
Dover juniors,Kearsney Abbey,1.26922800,51.14766000,1
Dukeries juniors,Dukeries Leisure Centre,-0.99720300,53.20790500,1
Duloch juniors,Duloch Country Park,-3.40185700,56.06249300,1
Dumfries juniors,Dock Park,-3.60692400,55.06270700,1
Durham City juniors,Durham Racecourse,-1.56428700,54.77555100,1
Duthie juniors,Duthie Park,-2.10534200,57.13155300,1
Eastbourne juniors,King Edwards Parade,0.28691400,50.76191000,1
Eastney juniors,Bransbury Park,-1.05433400,50.78969800,1
Eastville juniors,Eastville Park,-2.55496100,51.47613200,1
Eaton juniors,Eaton Park,1.25856000,52.61960600,1
Eltham juniors,Eltham Park South,0.06818600,51.45566400,1
Evesham juniors,Evesham,-1.95816900,52.09023000,1
Felixstowe Prom juniors,Felixstowe Prom,1.34572600,51.95778500,1
Florence Park juniors,Florence Park,-1.22380100,51.73748300,1
Forest Rec juniors,Forest Recreation Ground,-1.16049500,52.96523800,1
Forest of Dean juniors,"Coverham Enclosure, Forest of Dean",-2.60521900,51.80870100,1
Friary Park juniors,Friary Park,-0.16218700,51.61970600,1
GEC Rec juniors,GEC Recreational Ground,-1.23995600,52.36556100,1
Gedling juniors,Gedling Country Park,-1.08724100,52.99389000,1
Gnoll juniors,Gnoll Estate Country Park,-3.78722400,51.66242800,1
Gorleston juniors,Gorleston-on-sea,1.73110700,52.56797900,1
Goudhurst juniors,The Glebe Field,0.46344500,51.11369400,1
Grange Paddocks juniors,Grange Paddocks Leisure Centre,0.16239500,51.87764800,1
Graves juniors,Graves Park,-1.46505100,53.33889200,1
Gravesend juniors,Riverside Leisure Area,0.37903900,51.44372400,1
Great Cornard juniors,Great Cornard Sports Centre,0.74941600,52.02359800,1
Great Notley juniors,Great Notley Country Park,0.51556000,51.86377400,1
Guildford juniors,Stoke Park,-0.56746100,51.24497700,1
Hanworth juniors,Hanworth Air Park Leisure Centre & Libra,-0.39159300,51.43938900,1
Harcourt Hill juniors,Harcourt Hill Campus,-1.29518300,51.73934100,1
Harlow juniors,Harlow Town Park,0.09843300,51.77798000,1
Harrogate juniors,The Valley Gardens,-1.55019200,53.99169900,1
Harrow Lodge juniors,Harrow Lodge Park,0.20201300,51.55571800,1
Hawkwell juniors,Clements Hall Recreation Ground,0.67399100,51.59552400,1
Haywards Heath juniors,Victoria Park,-0.10610400,50.99842900,1
Heavitree juniors,Heavitree Pleasure Ground,-3.50130800,50.72309200,1
Helix juniors,Helix Park,-3.75779600,56.00870800,1
Hemlington Lake juniors,Hemlington Lake,-1.24431600,54.52600500,1
Hertford juniors,Hartham Common,-0.07745100,51.80105900,1
Highbury Fields juniors,Highbury Fields,-0.10303800,51.54711300,1
Hilly Fields juniors,Hilly Fields park,-0.02394500,51.45991600,1
Hoblingwell juniors,Hoblingwell Wood Recreation Ground,0.09947800,51.40170100,1
Hogmoor Inclosure juniors,Hogmoor Inclosure,-0.87681500,51.11109300,1
Horsham juniors,Horsham Park,-0.32753000,51.06656800,1
Houghton Hall juniors,Houghton Hall Park,-0.50979900,51.90155500,1
Hove Park juniors,Hove Park,-0.17263800,50.84128800,1
Hucknall juniors,Titchfield Park,-1.20362300,53.02912400,1
Huddersfield juniors,Greenhead Park,-1.79933600,53.64830900,1
Hyde juniors,Hyde Park,-2.07756000,53.45837900,1
Inverleith juniors,Inverleith park,-3.21314300,55.96434300,1
Ipswich juniors,Christchurch Park,1.15930400,52.06523300,1
Jacks Road juniors,NAAC Athletics Arena,-4.79441600,55.64281100,1
Jordanstown juniors,"Ulster University, Jordanstown Campus",-5.88614000,54.68829000,1
Jubilee juniors,Jubilee Park,-0.16582500,52.35916100,1
Kenton Rec juniors,Kenton Recreation Ground,-0.32060800,51.58609300,1
Kesgrave juniors,Kesgrave,1.25657900,52.05817100,1
Keswick juniors,Upper Fitz Park,-3.13508400,54.60262800,1
King George V juniors,King George V Park,-2.13616600,51.37731000,1
King George juniors,King George Recreation Ground,-0.35227500,51.64294300,1
Kings Weston juniors,Kings Weston Estate,-2.66003600,51.49369600,1
Kingâ€™s Lynn juniors,The Walks,0.40587500,52.75289400,1
Knavesmire juniors,The Knavesmire,-1.09557200,53.94147300,1
Lake Meadows juniors,Lake Meadows,0.41788400,51.63313900,1
Lakes juniors,"Leon Leisure Centre, Lakes Estate",-0.72907100,51.98096900,1
Laleham juniors,Thames Side,-0.48883900,51.39946100,1
Larne juniors,Town Park,-5.80714700,54.85760500,1
Lea Bridges juniors,Lea Bridges Park,1.29125100,52.60497500,1
Leatherhead juniors,Leatherhead Leisure Centre,-0.33213500,51.29105600,1
Leavesden juniors,Leavesden Country Park,-0.40303500,51.70526200,1
Leigh juniors,Leigh Sports Village,-2.52634900,53.49011600,1
Leighton Buzzard juniors,Parsonâ€™s Close Recreation Ground,-0.66200500,51.91415500,1
Lesnes Abbey Woods juniors,Lesnes Abbey Woods Park,0.12764000,51.48893600,1
Leyton Jubilee juniors,Leyton Jubilee Park,-0.02818800,51.56385000,1
Little Stoke juniors,Little Stoke Park,-2.55975000,51.52947900,1
Llanelli Coast juniors,King George V Playing Fields,-4.20682800,51.68552900,1
Lloyd juniors,Lloyd Park,-0.08088600,51.36575000,1
Loch Leven juniors,Kirkgate Park,-3.41274200,56.20189200,1
London Fields juniors,London Fields West Side,-0.06037300,51.54217800,1
Long Eaton juniors,West Park Leisure Centre,-1.28833600,52.89516100,1
Longrun Meadow juniors,Longrun Meadow,-3.11508900,51.01719900,1
Longton juniors,Longton Park,-2.13821200,52.97622200,1
Lough Moss juniors,Lough Moss Leisure Centre,-5.90020300,54.51471600,1
Lurgan juniors,Lurgan Park,-6.32131800,54.46245500,1
Lydiard juniors,"Lydiard Park, Swindon",-1.85742300,51.56304800,1
MacRosty juniors,MacRosty Park,-3.84758800,56.37832500,1
Magherafelt juniors,Polepatrick,-6.59678300,54.76174700,1
Maldon Prom juniors,Promenade Park,0.68971300,51.72678900,1
Manor Park juniors,Manor Park,0.40581100,51.28854800,1
Margate juniors,Hartsdown Park,1.37197000,51.38337500,1
Markeaton juniors,Markeaton Park,-1.50360400,52.93413800,1
Market Harborough juniors,Welland Park,-0.92837200,52.47499000,1
Marple juniors,Brabyns Park,-2.05793000,53.40802700,1
Medina I.O.W juniors,Seaclose Park,-1.28881200,50.70709800,1
Medway juniors,Strand Leisure Park,0.56449600,51.39492600,1
Melton Mowbray juniors,Melton Country Park,-0.87776700,52.77432700,1
Mile End juniors,Mile End Park,-0.03473500,51.51860200,1
Milnrow Memorial Park juniors,Milnrow Memorial Park,-2.10291000,53.60420200,1
Milton Keynes juniors,Emerson Valley Sports Pavilion,-0.78208200,52.00218100,1
Moira juniors,Moira Demesne,-6.22808200,54.48327500,1
Moormead juniors,Moormead and Bandy Recreation Ground,-0.32668400,51.45159500,1
Moors Valley juniors,Moors Valley Country Park and Forest,-1.84936900,50.85137100,1
Musgrave juniors,Musgrave Park,-5.97403300,54.57020400,1
Netley Abbey juniors,Royal Victoria Country Park,-1.34539200,50.86830000,1
New Milton juniors,Fawcetts Field,-1.66908400,50.74704500,1
Newark juniors,Sconce and Devon Park,-0.81901400,53.07018100,1
Newport juniors,Tredegar House,-3.02879300,51.56276700,1
Nonsuch juniors,Nonsuch Park,-0.23094500,51.35736600,1
Northala Fields juniors,Northala Fields,-0.37600800,51.54058700,1
Northallerton juniors,Stone Cross Playing Fields,-1.43396600,54.34923000,1
Northlands juniors,Northlands Park,0.49831400,51.57779000,1
Northwich juniors,Marbury Country Park,-2.52050600,53.28284100,1
Ockwells juniors,Ockwells Park,-0.73546000,51.50267000,1
Ormeau juniors,Ormeau Park,-5.91454100,54.58826400,1
Osterley juniors,Osterley Park,-0.35072200,51.48940500,1
Paddington Rec juniors,Paddington Recreation Ground,-0.19072600,51.52951400,1
Padiham Greenway juniors,Padiham Greenway,-2.31673900,53.79880600,1
Page Park juniors,Page Park,-2.49818400,51.48256800,1
Par Track juniors,Par Track,-4.70206800,50.35373000,1
Park View juniors,QEII Park View Playing Fields,-2.96098400,53.74105100,1
Park Wood juniors,Park Wood,0.55432500,51.23837500,1
Peacehaven juniors,Centenary Park,0.01176100,50.79409100,1
Peel Park juniors,Peel Park,-2.42803800,53.53178900,1
Penallta juniors,Parc Penallta Country Park,-3.24566800,51.64490300,1
Perth juniors,South Inch,-3.43532100,56.39135700,1
Peter Pan juniors,Peter Pan Park,-0.40210600,53.73867400,1
Phoenix juniors,Phoenix Park,-2.68342800,53.33605100,1
Pinehill juniors,Pinehill Park,-0.26414500,51.94830800,1
Pitshanger juniors,Pitshanger Park,-0.31855300,51.52857800,1
Pontefract juniors,Pontefract Park,-1.32996200,53.69639400,1
Pontypool juniors,Pontypool Park,-3.03539200,51.70121800,1
Pontypridd juniors,Ynysangharad War Memorial Park,-3.33701500,51.60162500,1
Portrush juniors,East Strand Beach,-6.64845200,55.20501100,1
Prestatyn Prom juniors,Nova Centre,-3.41246100,53.34258400,1
Preston Park juniors,Preston Park,-0.14766800,50.84122000,1
Prestwick Oval juniors,"Prestwick Oval, St Ninianâ€™s Park",-4.61253900,55.49340900,1
Priory Park juniors,Priory Park,-0.12567100,51.58575400,1
Prudhoe Riverside juniors,Tyne Riverside Country Park,-1.86598100,54.96663000,1
"Queenâ€™s Parade juniors, Aldershot",Polo Fields,-0.75569500,51.26572300,1
"Queenâ€™s Park juniors, Bolton",Queenâ€™s Park,-2.44470600,53.57761300,1
"Queenâ€™s Park juniors, London",Queenâ€™s Park,-0.21127000,51.53473300,1
"Queenâ€™s Park juniors, Rochdale",Queenâ€™s Park,-2.21538300,53.60125400,1
Ramsbottom juniors,Nuttall Park,-2.31222200,53.64319900,1
Reculver juniors,Reculver Country Park,1.19473100,51.37827400,1
Redcar juniors,Locke Park,-1.08075100,54.61403000,1
Reigate Priory juniors,Reigate Priory Park,-0.20792200,51.23422200,1
Riverside juniors,Riverside Park,-1.56289500,54.85401600,1
"Riverside juniors, Ballymoney",Riverside Park,-6.50797400,55.06882100,1
"Riverside juniors, St Neots","Riverside Park,",-0.27556200,52.22302200,1
Roding Valley juniors,Roding Valley Recreational Park,0.06656100,51.63864200,1
Rossmere juniors,Rossmere Park,-1.22633900,54.66142200,1
Rouken Glen juniors,Rouken Glen Park,-4.31686900,55.79831000,1
Roundhay juniors,Roundhay Park,-1.50368900,53.83682200,1
Rushcliffe juniors,Rushcliffe County Park,-1.14978000,52.88217000,1
Rutland Water juniors,The Waterside Cafe,-0.62111100,52.64601200,1
Salford juniors,Buille Hill Park,-2.30540000,53.49072900,1
Salt Hill juniors,Salt Hill Park,-0.60585300,51.51343700,1
Saltaire juniors,Roberts Park,-1.79220500,53.84129200,1
Saltwell juniors,Saltwell Park,-1.60537200,54.94393400,1
Savill Garden juniors,"The Savill Garden, Windsor Great Park",-0.59593600,51.42902200,1
Sedgefield juniors,Hardwick Park,-1.46697900,54.65303700,1
Seymour Park juniors,Seymour Park,-2.27325700,53.45826300,1
Sheffield Olympic Legacy Park juniors,Sheffield Olympic Legacy Park,-1.42629400,53.39536400,1
Shelley juniors,Shelley College,-1.66680600,53.59277700,1
Shipley Country juniors,Shipley Country Park,-1.35975700,53.00001100,1
Shrewsbury juniors,Quarry Park,-2.75005900,52.70442500,1
Skelmersdale juniors,Nye Bevan Swimming Pool,-2.77683800,53.55055100,1
South Manchester juniors,Platt Fields Park,-2.22633000,53.44895200,1
South Park juniors,South Park,-1.56114100,54.51493300,1
Southampton juniors,Riverside Park,-1.37398800,50.93305900,1
Stanley Park juniors,Stanley Park,-2.96553400,53.43405000,1
Staveley juniors,Staveley Welfare Cricket Club,-1.33666800,53.27060800,1
Stevenage juniors,Hampson Park,-0.18663700,51.91356600,1
Stevens Park juniors,Stevens Park,-2.11560500,52.44790300,1
Stirling juniors,Kings Park,-3.94630700,56.11382400,1
Stokes Bay juniors,Stokes Bay Promenade,-1.15379700,50.78147400,1
Stonehouse juniors,Oldends Lane Playing Fields,-2.28700600,51.75296500,1
Stratford-upon-Avon Rec juniors,The Recreation Ground,-1.70331600,52.18729800,1
Strathmartine juniors,Strathmartine,-3.00373300,56.49138600,1
Surbiton juniors,Alexandra Recreation Ground,-0.28860100,51.38471600,1
Swadlincote juniors,Maurice Lea Memorial Park,-1.55741400,52.76439900,1
Telford juniors,Telford Town Park,-2.44568300,52.67125600,1
Temple Newsam juniors,Temple Newsam Estate,-1.45791000,53.78456300,1
The Meadows juniors,The Meadows,-3.18428300,55.94032700,1
The Mystery juniors,The Mystery Park,-2.92280400,53.39359300,1
The Waterfront juniors,Les Jardins de la Mer,-2.11593600,49.18647100,1
The Wirral Way juniors,Wirral Way/Park Fields,-3.07586900,53.29374800,1
Tilgate juniors,Tilgate Park,-0.17597600,51.09583900,1
Tolson juniors,Ravensknowle Park,-1.75560400,53.64500800,1
Tonbridge juniors,Tonbridge Farm Sportsground,0.27029100,51.20977000,1
Tooting Common juniors,Tooting Common,-0.14770900,51.43469800,1
Torbay Velopark juniors,Torbay Velopark,-3.56428300,50.42356300,1
Torridge juniors,Victoria Park,-4.20343500,51.02341800,1
Town Moor juniors,Newcastle Town Moor,-1.61918900,54.98383000,1
Uppermill juniors,Saddleworth Pool & Leisure Centre,-2.00217000,53.54739300,1
Upton House juniors,Upton Country Park,-2.01247400,50.73451500,1
Verulamium juniors,Verulamium Park,-0.34816900,51.74654500,1
"Victoria juniors, Glasgow",Victoria Park,-4.33275100,55.87731000,1
"Victoria juniors, Macclesfield",Victoria Park,-2.11666200,53.26153700,1
Wakefield Thornes juniors,Thornes Park,-1.51269500,53.67554400,1
Wardown juniors,Wardown Park,-0.41909900,51.89177500,1
Warrington juniors,Orford Jubilee Neighbourhood Hub,-2.58790400,53.40534400,1
Waterlooville juniors,Jubilee Park,-1.03286100,50.88846700,1
Waterworks juniors,Waterworks Park,-5.94487300,54.61901100,1
Wednesfield juniors,Wednesfield Park,-2.08363800,52.60245500,1
Weston-super-Mare juniors,Weston-super-Mare,-2.90749500,51.36477200,1
Weymouth juniors,Lodmoor Country Park,-2.44954700,50.62739600,1
Whaley Bridge juniors,Whaley Bridge Memorial Park,-1.98777100,53.32722500,1
Whitelands Farm juniors,Whitelands Farm Sports Ground,-1.17607200,51.89042000,1
Whiteley juniors,Meadowside Leisure Centre,-1.24817900,50.88496300,1
Whitley Bay juniors,Whitley Bay,-1.44767900,55.04980000,1
Whitstable juniors,Tankerton Slopes,1.04244800,51.36493900,1
Wicksteed juniors,Wicksteed Park,-0.71075900,52.38406400,1
Widnes juniors,Victoria Park,-2.73031300,53.37434000,1
Wilmslow juniors,The Carrs,-2.23174600,53.33130100,1
Wimbledon Park juniors,Wimbledon Park,-0.20663200,51.44058200,1
Wimpole Estate juniors,Wimple Estate,-0.04710300,52.14024000,1
Winchester juniors,Winchester Sports Stadium,-1.30489300,51.05473300,1
Windmill Hill juniors,Victoria Park,-2.58714200,51.43860100,1
Wirral Country Park juniors,Wirral Country Park,-3.14362100,53.34164200,1
Wisbech juniors,Wisbech Park,0.16600700,52.66664000,1
Woking juniors,Woking Park,-0.55500600,51.31194600,1
Woodley juniors,Woodford Park,-0.90308900,51.45482900,1
Worksop College juniors,Worksop College,-1.10322400,53.28741400,1
Wycombe Rye juniors,Wycombe Rye,-0.74242700,51.62613100,1
Wyndham juniors,Wyndham Park,-0.63831200,52.91818200,1
Wyre Forest juniors,Wyre Forest,-2.36876700,52.36415200,1
Yatton Recreation juniors,Yatton Recreation Ground,-2.81388300,51.38727500,1
Yeovil Rec juniors,Yeovil Rec,-2.63893000,50.95460600,1